Id,SalePrice
1461.0,129240.14
1462.0,155402.305
1463.0,181950.47
1464.0,180202.6
1465.0,199644.33
1466.0,184142.635
1467.0,164725.715
1468.0,175721.83
1469.0,183462.88
1470.0,120138.13
1471.0,196972.655
1472.0,97244.52
1473.0,97108.0
1474.0,153781.15
1475.0,145540.46
1476.0,383591.985
1477.0,250387.905
1478.0,307492.085
1479.0,243429.675
1480.0,452687.705
1481.0,302660.55
1482.0,206002.26
1483.0,176435.785
1484.0,178268.245
1485.0,174705.98
1486.0,204339.505
1487.0,325749.975
1488.0,242568.955
1489.0,209181.25
1490.0,200809.645
1491.0,192326.895
1492.0,98632.325
1493.0,171005.63
1494.0,300165.93
1495.0,299497.72
1496.0,234817.735
1497.0,195455.77
1498.0,153524.87
1499.0,153981.36
1500.0,151359.745
1501.0,172712.155
1502.0,169009.41
1503.0,305267.95
1504.0,226711.055
1505.0,219915.86
1506.0,185052.265
1507.0,224408.455
1508.0,201435.75
1509.0,166549.2
1510.0,151020.25
1511.0,150960.48
1512.0,173432.5
1513.0,149317.31
1514.0,167397.41
1515.0,186724.12
1516.0,159390.625
1517.0,154731.81
1518.0,127837.065
1519.0,226545.73
1520.0,139687.75
1521.0,144906.685
1522.0,158624.23
1523.0,113787.39
1524.0,124347.065
1525.0,123306.72
1526.0,131023.25
1527.0,103881.335
1528.0,128992.04
1529.0,143770.125
1530.0,166058.26
1531.0,125904.635
1532.0,107351.165
1533.0,147641.74
1534.0,115370.775
1535.0,159189.545
1536.0,116135.465
1537.0,74924.745
1538.0,180945.43
1539.0,245948.19
1540.0,112724.315
1541.0,147035.76
1542.0,143859.795
1543.0,218814.445
1544.0,81130.945
1545.0,102592.565
1546.0,122196.485
1547.0,141069.88
1548.0,138788.72
1549.0,114526.09
1550.0,142470.09
1551.0,117244.855
1552.0,146773.715
1553.0,141638.995
1554.0,114653.87
1555.0,172181.815
1556.0,98887.32
1557.0,130971.735
1558.0,93060.235
1559.0,120664.825
1560.0,147552.065
1561.0,156171.525
1562.0,127517.995
1563.0,123669.08
1564.0,163799.35
1565.0,155166.79
1566.0,217464.545
1567.0,77506.595
1568.0,226143.365
1569.0,150620.335
1570.0,125679.855
1571.0,137813.715
1572.0,145739.435
1573.0,241962.67
1574.0,120431.605
1575.0,211384.545
1576.0,217690.75
1577.0,205001.255
1578.0,147692.235
1579.0,144725.935
1580.0,190234.995
1581.0,140845.295
1582.0,128865.12
1583.0,323239.37
1584.0,239210.995
1585.0,141540.5
1586.0,74532.06
1587.0,103364.59
1588.0,151737.675
1589.0,103263.31
1590.0,132340.835
1591.0,107599.73
1592.0,125831.145
1593.0,117714.17
1594.0,140708.705
1595.0,119851.815
1596.0,231294.035
1597.0,163761.645
1598.0,182960.91
1599.0,218450.15
1600.0,193988.06
1601.0,83067.97
1602.0,115223.895
1603.0,94645.245
1604.0,282360.585
1605.0,252124.15
1606.0,165287.185
1607.0,164081.72
1608.0,214033.19
1609.0,197847.835
1610.0,163264.63
1611.0,151348.7
1612.0,164598.175
1613.0,165431.82
1614.0,124162.255
1615.0,88927.75
1616.0,83644.25
1617.0,90385.41
1618.0,127920.25
1619.0,133191.755
1620.0,149935.32
1621.0,135132.17
1622.0,157439.565
1623.0,293895.755
1624.0,216611.75
1625.0,134260.415
1626.0,173174.5
1627.0,188109.9
1628.0,285858.755
1629.0,175673.915
1630.0,348327.63
1631.0,221521.78
1632.0,246488.355
1633.0,169836.92
1634.0,180668.4
1635.0,180029.255
1636.0,160416.585
1637.0,174823.745
1638.0,213250.54
1639.0,181915.7
1640.0,247171.685
1641.0,186530.45
1642.0,222256.105
1643.0,223143.46
1644.0,220809.73
1645.0,177742.265
1646.0,153050.0
1647.0,162795.0
1648.0,142735.29
1649.0,139923.54
1650.0,123104.08
1651.0,122785.78
1652.0,95044.5
1653.0,100748.185
1654.0,157632.085
1655.0,157968.825
1656.0,151628.72
1657.0,153227.06
1658.0,155626.45
1659.0,146576.54
1660.0,144981.665
1661.0,434169.9
1662.0,389078.375
1663.0,375120.075
1664.0,449227.26
1665.0,317747.76
1666.0,331040.31
1667.0,356434.165
1668.0,332786.64
1669.0,305345.835
1670.0,340668.5
1671.0,258245.805
1672.0,471393.715
1673.0,304243.89
1674.0,252634.87
1675.0,187564.865
1676.0,190944.45
1677.0,211026.38
1678.0,465120.86
1679.0,379048.22
1680.0,322760.245
1681.0,270487.325
1682.0,307673.625
1683.0,188446.635
1684.0,170999.27
1685.0,173350.14
1686.0,168279.62
1687.0,167105.82
1688.0,188435.545
1689.0,190597.04
1690.0,183402.115
1691.0,174304.26
1692.0,268493.71
1693.0,170972.395
1694.0,185303.86
1695.0,170266.035
1696.0,263134.35
1697.0,174191.69
1698.0,341820.675
1699.0,330366.02
1700.0,242097.93
1701.0,266670.745
1702.0,254089.015
1703.0,250330.47
1704.0,296242.21
1705.0,235715.005
1706.0,453222.845
1707.0,220992.17
1708.0,214341.13
1709.0,286141.545
1710.0,228910.24
1711.0,261333.905
1712.0,239324.345
1713.0,246964.225
1714.0,227787.645
1715.0,201684.35
1716.0,177315.015
1717.0,165971.135
1718.0,143572.165
1719.0,210768.985
1720.0,248846.62
1721.0,167303.435
1722.0,134144.65
1723.0,154384.225
1724.0,219543.58
1725.0,232094.59
1726.0,189362.25
1727.0,172086.665
1728.0,189363.63
1729.0,164125.49
1730.0,158252.745
1731.0,120628.57
1732.0,134045.195
1733.0,128383.295
1734.0,133477.545
1735.0,132715.0
1736.0,115659.62
1737.0,359356.145
1738.0,217699.9
1739.0,267968.525
1740.0,191694.005
1741.0,178703.485
1742.0,171227.695
1743.0,174501.95
1744.0,318779.805
1745.0,245204.57
1746.0,278381.56
1747.0,220058.75
1748.0,203424.145
1749.0,163078.345
1750.0,150034.415
1751.0,230689.84
1752.0,124156.915
1753.0,140876.865
1754.0,219754.27
1755.0,165607.885
1756.0,122114.74
1757.0,121468.49
1758.0,145374.575
1759.0,170796.67
1760.0,162396.765
1761.0,155352.055
1762.0,173115.56
1763.0,170597.1
1764.0,118264.16
1765.0,169271.18
1766.0,171720.0
1767.0,199923.525
1768.0,140270.5
1769.0,165970.285
1770.0,139623.5
1771.0,139231.75
1772.0,140915.945
1773.0,144290.31
1774.0,132555.845
1775.0,131978.625
1776.0,118759.325
1777.0,117822.29
1778.0,129666.185
1779.0,115266.13
1780.0,177140.435
1781.0,132489.63
1782.0,97080.145
1783.0,128840.485
1784.0,96376.65
1785.0,114616.84
1786.0,151208.56
1787.0,164834.14
1788.0,61450.365
1789.0,97652.94
1790.0,86924.805
1791.0,173517.095
1792.0,152642.75
1793.0,136442.43
1794.0,142461.55
1795.0,139951.9
1796.0,118238.45
1797.0,115851.055
1798.0,128079.815
1799.0,115061.88
1800.0,126221.88
1801.0,130143.04
1802.0,147078.05
1803.0,146975.98
1804.0,141698.235
1805.0,136115.5
1806.0,114824.835
1807.0,149279.085
1808.0,118250.69
1809.0,127827.12
1810.0,142815.925
1811.0,116713.195
1812.0,116457.015
1813.0,120218.15
1814.0,102638.23
1815.0,62882.315
1816.0,105139.67
1817.0,122486.98
1818.0,128545.18
1819.0,115620.095
1820.0,81149.595
1821.0,122624.6
1822.0,143564.6
1823.0,61523.055
1824.0,136236.755
1825.0,136193.275
1826.0,104309.38
1827.0,109260.74
1828.0,138817.73
1829.0,111114.635
1830.0,139004.695
1831.0,168438.875
1832.0,111525.605
1833.0,148334.79
1834.0,132486.615
1835.0,179015.345
1836.0,124714.46
1837.0,105455.765
1838.0,135619.66
1839.0,87186.91
1840.0,163521.445
1841.0,151383.15
1842.0,91235.91
1843.0,143572.375
1844.0,135790.015
1845.0,138654.185
1846.0,151428.25
1847.0,149890.295
1848.0,65027.52
1849.0,117707.195
1850.0,129999.18
1851.0,155822.295
1852.0,126880.575
1853.0,133805.895
1854.0,174020.18
1855.0,143056.605
1856.0,222881.105
1857.0,161199.94
1858.0,137335.06
1859.0,121157.19
1860.0,154611.865
1861.0,120681.2
1862.0,263384.39
1863.0,260711.225
1864.0,260711.225
1865.0,330591.24
1866.0,333083.63
1867.0,243021.5
1868.0,301204.455
1869.0,195045.66
1870.0,253369.275
1871.0,251020.125
1872.0,169732.195
1873.0,230873.485
1874.0,139621.8
1875.0,208423.895
1876.0,189549.85
1877.0,212484.705
1878.0,220326.715
1879.0,134176.7
1880.0,136654.685
1881.0,236205.165
1882.0,262862.86
1883.0,199182.33
1884.0,220337.865
1885.0,259627.97
1886.0,297163.855
1887.0,204412.405
1888.0,278007.775
1889.0,164844.585
1890.0,137168.9
1891.0,141495.75
1892.0,110376.545
1893.0,141671.81
1894.0,128905.97
1895.0,150496.92
1896.0,123751.375
1897.0,117070.295
1898.0,105912.31
1899.0,129230.255
1900.0,148490.84
1901.0,162243.08
1902.0,133199.075
1903.0,219427.12
1904.0,139405.625
1905.0,179475.985
1906.0,157732.355
1907.0,195623.36
1908.0,115199.505
1909.0,135814.115
1910.0,124740.205
1911.0,189700.07
1912.0,261608.695
1913.0,144191.8
1914.0,67342.495
1915.0,332536.345
1916.0,72358.205
1917.0,258577.48
1918.0,136843.375
1919.0,157200.365
1920.0,152440.06
1921.0,410118.51
1922.0,338863.825
1923.0,204852.02
1924.0,245850.17
1925.0,226504.45
1926.0,381946.62
1927.0,140644.25
1928.0,161728.585
1929.0,127463.18
1930.0,125894.33
1931.0,139044.85
1932.0,133434.145
1933.0,172486.0
1934.0,182702.35
1935.0,174332.765
1936.0,190984.595
1937.0,181672.3
1938.0,167460.665
1939.0,247523.515
1940.0,199836.94
1941.0,176976.385
1942.0,189642.35
1943.0,198317.95
1944.0,325352.99
1945.0,370554.345
1946.0,162629.53
1947.0,313109.435
1948.0,175792.11
1949.0,247399.91
1950.0,180947.81
1951.0,262381.12
1952.0,244127.68
1953.0,163309.2
1954.0,208767.75
1955.0,126084.66
1956.0,272030.565
1957.0,156219.65
1958.0,314465.185
1959.0,139311.345
1960.0,114932.415
1961.0,119038.3
1962.0,96036.75
1963.0,104890.415
1964.0,112521.245
1965.0,155873.475
1966.0,155800.475
1967.0,296436.61
1968.0,390473.93
1969.0,384698.33
1970.0,424716.3
1971.0,410034.275
1972.0,360510.04
1973.0,269095.56
1974.0,315570.94
1975.0,459322.655
1976.0,276460.12
1977.0,358212.58
1978.0,352520.94
1979.0,336916.62
1980.0,197415.455
1981.0,339050.14
1982.0,231961.12
1983.0,219945.24
1984.0,167900.475
1985.0,213394.11
1986.0,214954.04
1987.0,181913.685
1988.0,177875.37
1989.0,187160.0
1990.0,221413.1
1991.0,214377.16
1992.0,212072.53
1993.0,175012.785
1994.0,240314.425
1995.0,183863.055
1996.0,259003.22
1997.0,330484.445
1998.0,342489.545
1999.0,248777.35
2000.0,303052.6
2001.0,262584.475
2002.0,242021.65
2003.0,252626.455
2004.0,262193.895
2005.0,228846.585
2006.0,223018.795
2007.0,248455.695
2008.0,206168.81
2009.0,189966.525
2010.0,190656.45
2011.0,150900.225
2012.0,181514.655
2013.0,180143.2
2014.0,188302.5
2015.0,195033.255
2016.0,192712.65
2017.0,207953.28
2018.0,125495.04
2019.0,134564.475
2020.0,120747.3
2021.0,118366.705
2022.0,176779.145
2023.0,147593.42
2024.0,219955.84
2025.0,361169.98
2026.0,185070.065
2027.0,146637.87
2028.0,153999.785
2029.0,167873.545
2030.0,285274.79
2031.0,256569.595
2032.0,281140.975
2033.0,274163.635
2034.0,164585.95
2035.0,206014.9
2036.0,188799.09
2037.0,196612.09
2038.0,318822.72
2039.0,208027.315
2040.0,387319.875
2041.0,288090.86
2042.0,206978.685
2043.0,169962.025
2044.0,172610.125
2045.0,239103.13
2046.0,136086.71
2047.0,153913.055
2048.0,133554.13
2049.0,134947.955
2050.0,174509.0
2051.0,105055.5
2052.0,137104.875
2053.0,144232.0
2054.0,88019.925
2055.0,164208.65
2056.0,129105.17
2057.0,128095.25
2058.0,211981.1
2059.0,126345.985
2060.0,171584.7
2061.0,174143.68
2062.0,138804.125
2063.0,115621.975
2064.0,138804.33
2065.0,125297.705
2066.0,173455.62
2067.0,141172.785
2068.0,136289.57
2069.0,87472.745
2070.0,111383.67
2071.0,93534.22
2072.0,131916.715
2073.0,136306.25
2074.0,179622.14
2075.0,148230.995
2076.0,123904.63
2077.0,147370.375
2078.0,130518.665
2079.0,129553.875
2080.0,115045.675
2081.0,121342.505
2082.0,132217.775
2083.0,147404.66
2084.0,113153.455
2085.0,134486.515
2086.0,111819.09
2087.0,119079.48
2088.0,108386.235
2089.0,92809.05
2090.0,134518.105
2091.0,127696.85
2092.0,135978.495
2093.0,138958.675
2094.0,142236.085
2095.0,149101.75
2096.0,90591.49
2097.0,97652.925
2098.0,146323.79
2099.0,65976.5
2100.0,116102.77
2101.0,125401.055
2102.0,145902.875
2103.0,104934.04
2104.0,138226.165
2105.0,127539.29
2106.0,81659.615
2107.0,250131.23
2108.0,118676.0
2109.0,115837.3
2110.0,123840.59
2111.0,160582.63
2112.0,133930.885
2113.0,118855.375
2114.0,110429.225
2115.0,151642.355
2116.0,112068.045
2117.0,142048.77
2118.0,117320.78
2119.0,111019.82
2120.0,110020.2
2121.0,113514.385
2122.0,105989.195
2123.0,92224.345
2124.0,189189.015
2125.0,132676.955
2126.0,155075.45
2127.0,151761.51
2128.0,131730.965
2129.0,101448.68
2130.0,146838.1
2131.0,156661.01
2132.0,113456.8
2133.0,114029.5
2134.0,116234.545
2135.0,103791.885
2136.0,82146.165
2137.0,118436.075
2138.0,137986.85
2139.0,149852.4
2140.0,137361.75
2141.0,139928.595
2142.0,136223.94
2143.0,144081.265
2144.0,120612.93
2145.0,135993.125
2146.0,145176.33
2147.0,157513.29
2148.0,124004.75
2149.0,136433.62
2150.0,240641.475
2151.0,135136.3
2152.0,173465.475
2153.0,157226.125
2154.0,113305.25
2155.0,129773.23
2156.0,224395.02
2157.0,244553.025
2158.0,237869.25
2159.0,216970.505
2160.0,174994.305
2161.0,250527.9
2162.0,438515.245
2163.0,347855.825
2164.0,261920.175
2165.0,172900.44
2166.0,144867.685
2167.0,208320.37
2168.0,214249.815
2169.0,193516.775
2170.0,223506.92
2171.0,139535.46
2172.0,141730.175
2173.0,161391.76
2174.0,238095.75
2175.0,315598.285
2176.0,323259.375
2177.0,252260.015
2178.0,224020.685
2179.0,146989.0
2180.0,184718.71
2181.0,194799.835
2182.0,233121.48
2183.0,196969.315
2184.0,137585.275
2185.0,131005.81
2186.0,146392.11
2187.0,146302.23
2188.0,155797.575
2189.0,180059.745
2190.0,83413.6
2191.0,88500.215
2192.0,95818.4
2193.0,100064.31
2194.0,102192.0
2195.0,113712.415
2196.0,108690.245
2197.0,109827.88
2198.0,155935.825
2199.0,158262.03
2200.0,129150.935
2201.0,128155.55
2202.0,189034.135
2203.0,157425.795
2204.0,176167.79
2205.0,113418.73
2206.0,137605.8
2207.0,232444.58
2208.0,233073.665
2209.0,185515.8
2210.0,122075.75
2211.0,118028.9
2212.0,112926.935
2213.0,103327.945
2214.0,147161.415
2215.0,105298.905
2216.0,154845.16
2217.0,72125.98
2218.0,89754.645
2219.0,77766.255
2220.0,86847.615
2221.0,332725.84
2222.0,254412.105
2223.0,253988.79
2224.0,216882.245
2225.0,137405.76
2226.0,177931.75
2227.0,196931.345
2228.0,282420.37
2229.0,241165.73
2230.0,162964.88
2231.0,213397.235
2232.0,176105.725
2233.0,173424.56
2234.0,254012.97
2235.0,202137.685
2236.0,270429.835
2237.0,348828.195
2238.0,202092.91
2239.0,126076.065
2240.0,159097.865
2241.0,151164.6
2242.0,136492.935
2243.0,144854.295
2244.0,95770.75
2245.0,94027.415
2246.0,144645.105
2247.0,106505.5
2248.0,124756.165
2249.0,126519.8
2250.0,138809.85
2251.0,130067.475
2252.0,173464.275
2253.0,155968.13
2254.0,178208.57
2255.0,192264.42
2256.0,182924.2
2257.0,194793.5
2258.0,173060.745
2259.0,177934.6
2260.0,153240.335
2261.0,190314.625
2262.0,206896.63
2263.0,336491.15
2264.0,424126.245
2265.0,171083.7
2266.0,284580.375
2267.0,354986.935
2268.0,380469.22
2269.0,162759.585
2270.0,182976.23
2271.0,252971.105
2272.0,206113.135
2273.0,165043.81
2274.0,172935.785
2275.0,163944.295
2276.0,166864.285
2277.0,176860.895
2278.0,156694.375
2279.0,121652.315
2280.0,119187.76
2281.0,175555.315
2282.0,174322.155
2283.0,99392.75
2284.0,108753.155
2285.0,151744.725
2286.0,129803.215
2287.0,345980.46
2288.0,272538.23
2289.0,375239.595
2290.0,420948.19
2291.0,315708.785
2292.0,397903.14
2293.0,454510.36
2294.0,396047.895
2295.0,433324.16
2296.0,280972.5
2297.0,313612.67
2298.0,332419.78
2299.0,374256.89
2300.0,323754.16
2301.0,277151.89
2302.0,235988.22
2303.0,238356.495
2304.0,242999.44
2305.0,183807.575
2306.0,184938.23
2307.0,186434.32
2308.0,221598.825
2309.0,287519.185
2310.0,225134.51
2311.0,195011.215
2312.0,164264.2
2313.0,173746.1
2314.0,179542.105
2315.0,171632.995
2316.0,175315.44
2317.0,179142.015
2318.0,173068.29
2319.0,176937.275
2320.0,180938.55
2321.0,255945.36
2322.0,167175.035
2323.0,181514.275
2324.0,166832.005
2325.0,227408.23
2326.0,168214.27
2327.0,215460.81
2328.0,221558.6
2329.0,181902.225
2330.0,178738.225
2331.0,348604.05
2332.0,397575.7
2333.0,311716.815
2334.0,254168.23
2335.0,260794.78
2336.0,334388.36
2337.0,201116.965
2338.0,280009.9
2339.0,229437.6
2340.0,385880.15
2341.0,223246.72
2342.0,238766.485
2343.0,227513.2
2344.0,235749.385
2345.0,237524.465
2346.0,221169.645
2347.0,196173.325
2348.0,228406.325
2349.0,151134.04
2350.0,283050.03
2351.0,265165.07
2352.0,245088.805
2353.0,205428.745
2354.0,133356.475
2355.0,158856.41
2356.0,151493.25
2357.0,201752.74
2358.0,197799.4
2359.0,122721.305
2360.0,120460.75
2361.0,138520.55
2362.0,263124.82
2363.0,140898.89
2364.0,149146.8
2365.0,223074.82
2366.0,194735.43
2367.0,224303.895
2368.0,204092.055
2369.0,225695.25
2370.0,166760.68
2371.0,167980.95
2372.0,177240.47
2373.0,266983.72
2374.0,296805.775
2375.0,240731.29
2376.0,263635.145
2377.0,342582.32
2378.0,131661.135
2379.0,198466.95
2380.0,144491.3
2381.0,162136.845
2382.0,182934.18
2383.0,216678.86
2384.0,238242.365
2385.0,151011.75
2386.0,141559.625
2387.0,133833.54
2388.0,100547.59
2389.0,127321.325
2390.0,134918.88
2391.0,136036.9
2392.0,114139.38
2393.0,161755.575
2394.0,145117.5
2395.0,190983.68
2396.0,152419.125
2397.0,204992.87
2398.0,123150.275
2399.0,62493.075
2400.0,58483.23
2401.0,113810.85
2402.0,137045.0
2403.0,132697.365
2404.0,141844.41
2405.0,158727.61
2406.0,134917.75
2407.0,128422.975
2408.0,135726.85
2409.0,136507.16
2410.0,164728.11
2411.0,124064.165
2412.0,160617.86
2413.0,140899.375
2414.0,134606.625
2415.0,127669.74
2416.0,128017.6
2417.0,132716.465
2418.0,123848.455
2419.0,130585.335
2420.0,125504.415
2421.0,152398.22
2422.0,122719.66
2423.0,129319.39
2424.0,149105.495
2425.0,161173.555
2426.0,124879.27
2427.0,138407.515
2428.0,175412.445
2429.0,116509.7
2430.0,130756.55
2431.0,115033.625
2432.0,136865.55
2433.0,143872.435
2434.0,145389.125
2435.0,151929.12
2436.0,105767.25
2437.0,110010.24
2438.0,123117.65
2439.0,112400.77
2440.0,122707.105
2441.0,109416.775
2442.0,105577.0
2443.0,115679.755
2444.0,123280.315
2445.0,91832.79
2446.0,133538.92
2447.0,221039.215
2448.0,144486.04
2449.0,114784.29
2450.0,151237.745
2451.0,123807.97
2452.0,217320.23
2453.0,98315.87
2454.0,131348.5
2455.0,106861.64
2456.0,139280.01
2457.0,118909.77
2458.0,113135.29
2459.0,111297.495
2460.0,135761.7
2461.0,117308.9
2462.0,134760.295
2463.0,116293.13
2464.0,156567.795
2465.0,127732.565
2466.0,114094.16
2467.0,157261.69
2468.0,96425.33
2469.0,92805.655
2470.0,179419.835
2471.0,210566.395
2472.0,170847.465
2473.0,121405.365
2474.0,107335.385
2475.0,217833.415
2476.0,113370.9
2477.0,132759.815
2478.0,160877.71
2479.0,115980.295
2480.0,135640.33
2481.0,123238.935
2482.0,134882.415
2483.0,118644.035
2484.0,121889.325
2485.0,123996.88
2486.0,155886.67
2487.0,180347.875
2488.0,153734.775
2489.0,145240.47
2490.0,153855.805
2491.0,92569.27
2492.0,181741.52
2493.0,136496.715
2494.0,166944.35
2495.0,98258.095
2496.0,211424.145
2497.0,151033.7
2498.0,117559.21
2499.0,92335.83
2500.0,130451.07
2501.0,134374.955
2502.0,145725.855
2503.0,99956.495
2504.0,179329.98
2505.0,222629.605
2506.0,252687.415
2507.0,321438.615
2508.0,252970.615
2509.0,229083.56
2510.0,229763.545
2511.0,188020.475
2512.0,222349.195
2513.0,219010.545
2514.0,239669.795
2515.0,149121.3
2516.0,153982.7
2517.0,134590.175
2518.0,146409.875
2519.0,228532.525
2520.0,209211.005
2521.0,194923.495
2522.0,224382.015
2523.0,134630.635
2524.0,139179.8
2525.0,142882.835
2526.0,137547.15
2527.0,116673.29
2528.0,127355.96
2529.0,132912.5
2530.0,111170.73
2531.0,240463.46
2532.0,229339.985
2533.0,200371.75
2534.0,242661.27
2535.0,302497.79
2536.0,230004.905
2537.0,232146.715
2538.0,190843.175
2539.0,191153.64
2540.0,176260.115
2541.0,184679.69
2542.0,165647.135
2543.0,130397.065
2544.0,136541.26
2545.0,124266.305
2546.0,147560.625
2547.0,138676.05
2548.0,165442.645
2549.0,164112.47
2550.0,376140.35
2551.0,142929.66
2552.0,120670.675
2553.0,86098.965
2554.0,123079.21
2555.0,111781.4
2556.0,104433.52
2557.0,117368.625
2558.0,164328.24
2559.0,139538.19
2560.0,124183.975
2561.0,140359.0
2562.0,134545.595
2563.0,143505.52
2564.0,169237.975
2565.0,120707.67
2566.0,153421.38
2567.0,132254.505
2568.0,183890.66
2569.0,193377.395
2570.0,119502.665
2571.0,161264.625
2572.0,188747.875
2573.0,253068.905
2574.0,298902.965
2575.0,125439.415
2576.0,130810.285
2577.0,160133.43
2578.0,98116.715
2579.0,84152.915
2580.0,131449.085
2581.0,133182.86
2582.0,119931.275
2583.0,283140.34
2584.0,161176.075
2585.0,177066.79
2586.0,207774.805
2587.0,208131.15
2588.0,155944.135
2589.0,143870.315
2590.0,230620.335
2591.0,205560.05
2592.0,228491.685
2593.0,258214.245
2594.0,173845.23
2595.0,209507.835
2596.0,330700.015
2597.0,181298.47
2598.0,269456.37
2599.0,323883.615
2600.0,158043.75
2601.0,133827.635
2602.0,87548.805
2603.0,93878.38
2604.0,88790.5
2605.0,85702.555
2606.0,143861.27
2607.0,174320.385
2608.0,205106.65
2609.0,165491.79
2610.0,115935.215
2611.0,156771.085
2612.0,154758.245
2613.0,128673.5
2614.0,125728.485
2615.0,149891.5
2616.0,139821.25
2617.0,168570.12
2618.0,176948.92
2619.0,228419.72
2620.0,185729.2
2621.0,184145.775
2622.0,188554.5
2623.0,257107.7
2624.0,264631.74
2625.0,318854.195
2626.0,163400.75
2627.0,187570.35
2628.0,407797.8
2629.0,518258.29
2630.0,352320.295
2631.0,434803.935
2632.0,401024.08
2633.0,310896.985
2634.0,386705.085
2635.0,149333.935
2636.0,196998.735
2637.0,166960.095
2638.0,258514.535
2639.0,182426.875
2640.0,149393.07
2641.0,105715.24
2642.0,189862.935
2643.0,106431.575
2644.0,130557.665
2645.0,102235.645
2646.0,94787.75
2647.0,99740.0
2648.0,135776.96
2649.0,141000.325
2650.0,152607.14
2651.0,156397.375
2652.0,427744.67
2653.0,258545.085
2654.0,250723.7
2655.0,360068.9
2656.0,319585.45
2657.0,335307.02
2658.0,282420.545
2659.0,302215.05
2660.0,319232.88
2661.0,343525.52
2662.0,349410.195
2663.0,274445.925
2664.0,284927.64
2665.0,316783.415
2666.0,284261.95
2667.0,168569.53
2668.0,181852.905
2669.0,176526.375
2670.0,292928.0
2671.0,182520.48
2672.0,180076.57
2673.0,202906.515
2674.0,201975.975
2675.0,171500.91
2676.0,189205.9
2677.0,197870.34
2678.0,259280.725
2679.0,276900.915
2680.0,270577.54
2681.0,406823.605
2682.0,328936.455
2683.0,510076.84
2684.0,307781.34
2685.0,341906.11
2686.0,260642.98
2687.0,332855.21
2688.0,232959.585
2689.0,216814.31
2690.0,453931.705
2691.0,188253.55
2692.0,140389.66
2693.0,196655.345
2694.0,135782.355
2695.0,193318.05
2696.0,188298.025
2697.0,192949.7
2698.0,201897.245
2699.0,181262.41
2700.0,165569.09
2701.0,148606.625
2702.0,114077.34
2703.0,146396.43
2704.0,139552.8
2705.0,128528.33
2706.0,119663.25
2707.0,122350.54
2708.0,137765.25
2709.0,114640.02
2710.0,127198.66
2711.0,280804.375
2712.0,368471.895
2713.0,180706.46
2714.0,149068.3
2715.0,170441.51
2716.0,168523.965
2717.0,185025.155
2718.0,230798.08
2719.0,156213.24
2720.0,162852.5
2721.0,142562.25
2722.0,166186.525
2723.0,144653.415
2724.0,129081.65
2725.0,137192.25
2726.0,148169.795
2727.0,170961.84
2728.0,167815.47
2729.0,154963.885
2730.0,145387.625
2731.0,119706.88
2732.0,117133.98
2733.0,158215.7
2734.0,148803.44
2735.0,135513.335
2736.0,143200.33
2737.0,124606.58
2738.0,133521.575
2739.0,160853.185
2740.0,134630.69
2741.0,148759.625
2742.0,151886.75
2743.0,150304.625
2744.0,145334.2
2745.0,136659.625
2746.0,134886.375
2747.0,151282.32
2748.0,124979.51
2749.0,131198.25
2750.0,135748.375
2751.0,131149.75
2752.0,226563.955
2753.0,154957.12
2754.0,196537.58
2755.0,123383.925
2756.0,93834.435
2757.0,72187.49
2758.0,90034.61
2759.0,154448.7
2760.0,139831.96
2761.0,147184.875
2762.0,145570.625
2763.0,190448.24
2764.0,169685.725
2765.0,261172.85
2766.0,145178.585
2767.0,92260.0
2768.0,127729.895
2769.0,125434.85
2770.0,156466.89
2771.0,120047.205
2772.0,126516.17
2773.0,146787.565
2774.0,139503.92
2775.0,136857.675
2776.0,144851.14
2777.0,148754.5
2778.0,128357.46
2779.0,123442.29
2780.0,109283.405
2781.0,104624.785
2782.0,99325.42
2783.0,101537.225
2784.0,130367.55
2785.0,136524.065
2786.0,82219.01
2787.0,118777.53
2788.0,87338.485
2789.0,213097.35
2790.0,94499.6
2791.0,116609.835
2792.0,86961.925
2793.0,168546.24
2794.0,104433.74
2795.0,113805.73
2796.0,102443.69
2797.0,185557.355
2798.0,122824.36
2799.0,114706.105
2800.0,78811.975
2801.0,115038.19
2802.0,140688.09
2803.0,150575.805
2804.0,149569.675
2805.0,96947.095
2806.0,94254.105
2807.0,153057.055
2808.0,149328.0
2809.0,135622.5
2810.0,137935.98
2811.0,154044.6
2812.0,144397.45
2813.0,162664.145
2814.0,160613.955
2815.0,98770.16
2816.0,252810.465
2817.0,135949.495
2818.0,132861.465
2819.0,179394.645
2820.0,130304.955
2821.0,106965.42
2822.0,183152.39
2823.0,221025.64
2824.0,176264.49
2825.0,156497.64
2826.0,136941.425
2827.0,143633.75
2828.0,205988.99
2829.0,168158.75
2830.0,237633.595
2831.0,195508.3
2832.0,219244.63
2833.0,293125.2
2834.0,220670.05
2835.0,223777.505
2836.0,196731.43
2837.0,166545.38
2838.0,145938.375
2839.0,179401.335
2840.0,197021.66
2841.0,207043.85
2842.0,224513.695
2843.0,149033.92
2844.0,153543.395
2845.0,124932.54
2846.0,215772.765
2847.0,200224.11
2848.0,221056.8
2849.0,216940.85
2850.0,283656.37
2851.0,232223.75
2852.0,226724.185
2853.0,235024.59
2854.0,140890.75
2855.0,201061.98
2856.0,213073.99
2857.0,194603.52
2858.0,198189.42
2859.0,142374.87
2860.0,127829.25
2861.0,127823.78
2862.0,195524.575
2863.0,124247.225
2864.0,259179.045
2865.0,141062.01
2866.0,134932.975
2867.0,96366.85
2868.0,109769.67
2869.0,122441.09
2870.0,160043.98
2871.0,108379.045
2872.0,66658.855
2873.0,106618.46
2874.0,139867.045
2875.0,114512.525
2876.0,160136.37
2877.0,149819.275
2878.0,167120.81
2879.0,148586.75
2880.0,108394.935
2881.0,151431.715
2882.0,162717.53
2883.0,166807.4
2884.0,179571.915
2885.0,178648.925
2886.0,198458.985
2887.0,106588.835
2888.0,126169.115
2889.0,63377.225
2890.0,90128.615
2891.0,133624.76
2892.0,62754.6
2893.0,109240.425
2894.0,67525.465
2895.0,322989.245
2896.0,289005.735
2897.0,200466.89
2898.0,145345.985
2899.0,229823.845
2900.0,159021.85
2901.0,191615.77
2902.0,181343.555
2903.0,344690.1
2904.0,354579.245
2905.0,116699.66
2906.0,198128.5
2907.0,116934.575
2908.0,129528.0
2909.0,143976.69
2910.0,84543.38
2911.0,87318.055
2912.0,155164.815
2913.0,89868.855
2914.0,85741.25
2915.0,86862.25
2916.0,87649.66
2917.0,158326.47
2918.0,116462.415
2919.0,226492.855
